/*
 Navicat Premium Data Transfer

 Source Server         : Localhost
 Source Server Type    : MySQL
 Source Server Version : 50542
 Source Host           : localhost
 Source Database       : PaisIdioma

 Target Server Type    : MySQL
 Target Server Version : 50542
 File Encoding         : utf-8

 Date: 09/17/2015 11:26:45 AM
*/

SET NAMES utf8;
SET FOREIGN_KEY_CHECKS = 0;

-- ----------------------------
--  Table structure for `Idioma`
-- ----------------------------
DROP TABLE IF EXISTS `Idioma`;
CREATE TABLE `Idioma` (
  `IdiomaID` int(10) unsigned NOT NULL AUTO_INCREMENT,
  `Padrao` tinyint(1) NOT NULL DEFAULT '0',
  `Publicado` tinyint(1) NOT NULL DEFAULT '0',
  `Titulo` varchar(45) NOT NULL,
  `UrlAmigavel` varchar(45) NOT NULL,
  `Sigla` varchar(5) NOT NULL,
  `Descricao` text,
  `Ativo` tinyint(1) NOT NULL DEFAULT '1',
  `Excluido` tinyint(1) NOT NULL DEFAULT '0',
  `DataInclusao` datetime NOT NULL,
  `DataAlteracao` timestamp NOT NULL DEFAULT CURRENT_TIMESTAMP ON UPDATE CURRENT_TIMESTAMP,
  PRIMARY KEY (`IdiomaID`)
) ENGINE=InnoDB AUTO_INCREMENT=4 DEFAULT CHARSET=utf8;

-- ----------------------------
--  Records of `Idioma`
-- ----------------------------
BEGIN;
INSERT INTO `Idioma` VALUES ('1', '1', '1', 'Português', 'portugues', 'pt', null, '1', '0', '2015-03-18 16:00:00', '2015-08-29 11:11:35'), ('2', '0', '1', 'English', 'english', 'en', '', '1', '0', '2015-03-18 16:00:00', '2015-05-18 11:30:07'), ('3', '0', '1', 'Español', 'espanol', 'es', null, '1', '0', '2015-03-18 16:00:00', '2015-05-27 16:16:18');
COMMIT;

-- ----------------------------
--  Table structure for `Pais`
-- ----------------------------
DROP TABLE IF EXISTS `Pais`;
CREATE TABLE `Pais` (
  `PaisID` int(10) unsigned NOT NULL AUTO_INCREMENT,
  `Sigla` varchar(3) DEFAULT NULL,
  `Ativo` tinyint(1) NOT NULL DEFAULT '1',
  `Excluido` tinyint(1) NOT NULL DEFAULT '0',
  `DataInclusao` datetime NOT NULL,
  `DataAlteracao` timestamp NOT NULL DEFAULT CURRENT_TIMESTAMP,
  PRIMARY KEY (`PaisID`)
) ENGINE=InnoDB AUTO_INCREMENT=245 DEFAULT CHARSET=utf8;

-- ----------------------------
--  Records of `Pais`
-- ----------------------------
BEGIN;
INSERT INTO `Pais` VALUES ('1', 'AFG', '1', '0', '2015-04-22 14:42:55', '2015-04-22 11:42:55'), ('2', 'ZAF', '1', '0', '2015-04-22 14:42:55', '2015-04-22 11:42:55'), ('3', 'ALB', '1', '0', '2015-04-22 14:42:55', '2015-04-22 11:42:55'), ('4', 'DEU', '1', '0', '2015-04-22 14:42:55', '2015-04-22 11:42:55'), ('5', 'AND', '1', '0', '2015-04-22 14:42:55', '2015-04-22 11:42:55'), ('6', 'AGO', '1', '0', '2015-04-22 14:42:55', '2015-04-22 11:42:55'), ('7', 'AIA', '1', '0', '2015-04-22 14:42:55', '2015-04-22 11:42:55'), ('8', 'ATA', '1', '0', '2015-04-22 14:42:55', '2015-04-22 11:42:55'), ('9', 'ATG', '1', '0', '2015-04-22 14:42:55', '2015-04-22 11:42:55'), ('10', 'ANT', '1', '0', '2015-04-22 14:42:55', '2015-04-22 11:42:55'), ('11', 'SAU', '1', '0', '2015-04-22 14:42:55', '2015-04-22 11:42:55'), ('12', 'DZA', '1', '0', '2015-04-22 14:42:55', '2015-04-22 11:42:55'), ('13', 'ARG', '1', '0', '2015-04-22 14:42:55', '2015-04-22 11:42:55'), ('14', 'ARM', '1', '0', '2015-04-22 14:42:55', '2015-04-22 11:42:55'), ('15', 'ABW', '1', '0', '2015-04-22 14:42:55', '2015-04-22 11:42:55'), ('16', 'AUS', '1', '0', '2015-04-22 14:42:55', '2015-04-22 11:42:55'), ('17', 'AUT', '1', '0', '2015-04-22 14:42:55', '2015-04-22 11:42:55'), ('18', 'AZE', '1', '0', '2015-04-22 14:42:55', '2015-04-22 11:42:55'), ('19', 'BHS', '1', '0', '2015-04-22 14:42:55', '2015-04-22 11:42:55'), ('20', 'BHR', '1', '0', '2015-04-22 14:42:55', '2015-04-22 11:42:55'), ('21', 'BGD', '1', '0', '2015-04-22 14:42:55', '2015-04-22 11:42:55'), ('22', 'BRB', '1', '0', '2015-04-22 14:42:55', '2015-04-22 11:42:55'), ('23', 'BLR', '1', '0', '2015-04-22 14:42:55', '2015-04-22 11:42:55'), ('24', 'BEL', '1', '0', '2015-04-22 14:42:55', '2015-04-22 11:42:55'), ('25', 'BLZ', '1', '0', '2015-04-22 14:42:55', '2015-04-22 11:42:55'), ('26', 'BEN', '1', '0', '2015-04-22 14:42:55', '2015-04-22 11:42:55'), ('27', 'BMU', '1', '0', '2015-04-22 14:42:55', '2015-04-22 11:42:55'), ('28', 'BOL', '1', '0', '2015-04-22 14:42:55', '2015-04-22 11:42:55'), ('29', 'BIH', '1', '0', '2015-04-22 14:42:55', '2015-04-22 11:42:55'), ('30', 'BWA', '1', '0', '2015-04-22 14:42:55', '2015-04-22 11:42:55'), ('31', 'BRA', '1', '0', '2015-04-22 14:42:55', '2015-04-22 11:42:55'), ('32', 'BRN', '1', '0', '2015-04-22 14:42:55', '2015-04-22 11:42:55'), ('33', 'BGR', '1', '0', '2015-04-22 14:42:55', '2015-04-22 11:42:55'), ('34', 'BFA', '1', '0', '2015-04-22 14:42:55', '2015-04-22 11:42:55'), ('35', 'BDI', '1', '0', '2015-04-22 14:42:55', '2015-04-22 11:42:55'), ('36', 'BTN', '1', '0', '2015-04-22 14:42:55', '2015-04-22 11:42:55'), ('37', 'CPV', '1', '0', '2015-04-22 14:42:55', '2015-04-22 11:42:55'), ('38', 'KHM', '1', '0', '2015-04-22 14:42:55', '2015-04-22 11:42:55'), ('39', 'CAN', '1', '0', '2015-04-22 14:42:55', '2015-04-22 11:42:55'), ('40', 'KAZ', '1', '0', '2015-04-22 14:42:55', '2015-04-22 11:42:55'), ('41', 'TCD', '1', '0', '2015-04-22 14:42:55', '2015-04-22 11:42:55'), ('42', 'CHL', '1', '0', '2015-04-22 14:42:55', '2015-04-22 11:42:55'), ('43', 'CHN', '1', '0', '2015-04-22 14:42:55', '2015-04-22 11:42:55'), ('44', 'CYP', '1', '0', '2015-04-22 14:42:55', '2015-04-22 11:42:55'), ('45', 'SGP', '1', '0', '2015-04-22 14:42:55', '2015-04-22 11:42:55'), ('46', 'COL', '1', '0', '2015-04-22 14:42:55', '2015-04-22 11:42:55'), ('47', 'COG', '1', '0', '2015-04-22 14:42:55', '2015-04-22 11:42:55'), ('48', 'PRK', '1', '0', '2015-04-22 14:42:55', '2015-04-22 11:42:55'), ('49', 'KOR', '1', '0', '2015-04-22 14:42:55', '2015-04-22 11:42:55'), ('50', 'CIV', '1', '0', '2015-04-22 14:42:55', '2015-04-22 11:42:55'), ('51', 'CRI', '1', '0', '2015-04-22 14:42:55', '2015-04-22 11:42:55'), ('52', 'HRV', '1', '0', '2015-04-22 14:42:55', '2015-04-22 11:42:55'), ('53', 'CUB', '1', '0', '2015-04-22 14:42:55', '2015-04-22 11:42:55'), ('54', 'DNK', '1', '0', '2015-04-22 14:42:55', '2015-04-22 11:42:55'), ('55', 'DJI', '1', '0', '2015-04-22 14:42:55', '2015-04-22 11:42:55'), ('56', 'DMA', '1', '0', '2015-04-22 14:42:55', '2015-04-22 11:42:55'), ('57', 'EGY', '1', '0', '2015-04-22 14:42:55', '2015-04-22 11:42:55'), ('58', 'SLV', '1', '0', '2015-04-22 14:42:55', '2015-04-22 11:42:55'), ('59', 'ARE', '1', '0', '2015-04-22 14:42:55', '2015-04-22 11:42:55'), ('60', 'ECU', '1', '0', '2015-04-22 14:42:55', '2015-04-22 11:42:55'), ('61', 'ERI', '1', '0', '2015-04-22 14:42:55', '2015-04-22 11:42:55'), ('62', 'SVK', '1', '0', '2015-04-22 14:42:55', '2015-04-22 11:42:55'), ('63', 'SVN', '1', '0', '2015-04-22 14:42:55', '2015-04-22 11:42:55'), ('64', 'ESP', '1', '0', '2015-04-22 14:42:55', '2015-04-22 11:42:55'), ('65', 'USA', '1', '0', '2015-04-22 14:42:55', '2015-04-22 11:42:55'), ('66', 'EST', '1', '0', '2015-04-22 14:42:55', '2015-04-22 11:42:55'), ('67', 'ETH', '1', '0', '2015-04-22 14:42:55', '2015-04-22 11:42:55'), ('68', 'FJI', '1', '0', '2015-04-22 14:42:55', '2015-04-22 11:42:55'), ('69', 'PHL', '1', '0', '2015-04-22 14:42:55', '2015-04-22 11:42:55'), ('70', 'FIN', '1', '0', '2015-04-22 14:42:55', '2015-04-22 11:42:55'), ('71', 'FRA', '1', '0', '2015-04-22 14:42:55', '2015-04-22 11:42:55'), ('72', 'GAB', '1', '0', '2015-04-22 14:42:55', '2015-04-22 11:42:55'), ('73', 'GMB', '1', '0', '2015-04-22 14:42:55', '2015-04-22 11:42:55'), ('74', 'GHA', '1', '0', '2015-04-22 14:42:55', '2015-04-22 11:42:55'), ('75', 'GEO', '1', '0', '2015-04-22 14:42:55', '2015-04-22 11:42:55'), ('76', 'GIB', '1', '0', '2015-04-22 14:42:55', '2015-04-22 11:42:55'), ('77', 'GBR', '1', '0', '2015-04-22 14:42:55', '2015-04-22 11:42:55'), ('78', 'GRD', '1', '0', '2015-04-22 14:42:55', '2015-04-22 11:42:55'), ('79', 'GRC', '1', '0', '2015-04-22 14:42:55', '2015-04-22 11:42:55'), ('80', 'GRL', '1', '0', '2015-04-22 14:42:55', '2015-04-22 11:42:55'), ('81', 'GLP', '1', '0', '2015-04-22 14:42:55', '2015-04-22 11:42:55'), ('82', 'GUM', '1', '0', '2015-04-22 14:42:55', '2015-04-22 11:42:55'), ('83', 'GTM', '1', '0', '2015-04-22 14:42:55', '2015-04-22 11:42:55'), ('84', 'GGY', '1', '0', '2015-04-22 14:42:55', '2015-04-22 11:42:55'), ('85', 'GUY', '1', '0', '2015-04-22 14:42:55', '2015-04-22 11:42:55'), ('86', 'GUF', '1', '0', '2015-04-22 14:42:55', '2015-04-22 11:42:55'), ('87', 'GIN', '1', '0', '2015-04-22 14:42:55', '2015-04-22 11:42:55'), ('88', 'GNQ', '1', '0', '2015-04-22 14:42:55', '2015-04-22 11:42:55'), ('89', 'GNB', '1', '0', '2015-04-22 14:42:55', '2015-04-22 11:42:55'), ('90', 'HTI', '1', '0', '2015-04-22 14:42:55', '2015-04-22 11:42:55'), ('91', 'NLD', '1', '0', '2015-04-22 14:42:55', '2015-04-22 11:42:55'), ('92', 'HND', '1', '0', '2015-04-22 14:42:55', '2015-04-22 11:42:55'), ('93', 'HKG', '1', '0', '2015-04-22 14:42:55', '2015-04-22 11:42:55'), ('94', 'HUN', '1', '0', '2015-04-22 14:42:55', '2015-04-22 11:42:55'), ('95', 'YEM', '1', '0', '2015-04-22 14:42:55', '2015-04-22 11:42:55'), ('96', 'BVT', '1', '0', '2015-04-22 14:42:55', '2015-04-22 11:42:55'), ('97', 'IMN', '1', '0', '2015-04-22 14:42:55', '2015-04-22 11:42:55'), ('98', 'CXR', '1', '0', '2015-04-22 14:42:55', '2015-04-22 11:42:55'), ('99', 'PCN', '1', '0', '2015-04-22 14:42:55', '2015-04-22 11:42:55'), ('100', 'REU', '1', '0', '2015-04-22 14:42:55', '2015-04-22 11:42:55'), ('101', 'ALA', '1', '0', '2015-04-22 14:42:55', '2015-04-22 11:42:55'), ('102', 'CYM', '1', '0', '2015-04-22 14:42:55', '2015-04-22 11:42:55'), ('103', 'CCK', '1', '0', '2015-04-22 14:42:55', '2015-04-22 11:42:55'), ('104', 'COM', '1', '0', '2015-04-22 14:42:55', '2015-04-22 11:42:55'), ('105', 'COK', '1', '0', '2015-04-22 14:42:55', '2015-04-22 11:42:55'), ('106', 'FRO', '1', '0', '2015-04-22 14:42:55', '2015-04-22 11:42:55'), ('107', 'FLK', '1', '0', '2015-04-22 14:42:55', '2015-04-22 11:42:55'), ('108', 'SGS', '1', '0', '2015-04-22 14:42:55', '2015-04-22 11:42:55'), ('109', 'HMD', '1', '0', '2015-04-22 14:42:55', '2015-04-22 11:42:55'), ('110', 'MNP', '1', '0', '2015-04-22 14:42:55', '2015-04-22 11:42:55'), ('111', 'MHL', '1', '0', '2015-04-22 14:42:55', '2015-04-22 11:42:55'), ('112', 'UMI', '1', '0', '2015-04-22 14:42:55', '2015-04-22 11:42:55'), ('113', 'NFK', '1', '0', '2015-04-22 14:42:55', '2015-04-22 11:42:55'), ('114', 'SYC', '1', '0', '2015-04-22 14:42:55', '2015-04-22 11:42:55'), ('115', 'SLB', '1', '0', '2015-04-22 14:42:55', '2015-04-22 11:42:55'), ('116', 'SJM', '1', '0', '2015-04-22 14:42:55', '2015-04-22 11:42:55'), ('117', 'TKL', '1', '0', '2015-04-22 14:42:55', '2015-04-22 11:42:55'), ('118', 'TCA', '1', '0', '2015-04-22 14:42:55', '2015-04-22 11:42:55'), ('119', 'VIR', '1', '0', '2015-04-22 14:42:55', '2015-04-22 11:42:55'), ('120', 'VGB', '1', '0', '2015-04-22 14:42:55', '2015-04-22 11:42:55'), ('121', 'WLF', '1', '0', '2015-04-22 14:42:55', '2015-04-22 11:42:55'), ('122', 'IND', '1', '0', '2015-04-22 14:42:55', '2015-04-22 11:42:55'), ('123', 'IDN', '1', '0', '2015-04-22 14:42:55', '2015-04-22 11:42:55'), ('124', 'IRN', '1', '0', '2015-04-22 14:42:55', '2015-04-22 11:42:55'), ('125', 'IRQ', '1', '0', '2015-04-22 14:42:55', '2015-04-22 11:42:55'), ('126', 'IRL', '1', '0', '2015-04-22 14:42:55', '2015-04-22 11:42:55'), ('127', 'ISL', '1', '0', '2015-04-22 14:42:55', '2015-04-22 11:42:55'), ('128', 'ISR', '1', '0', '2015-04-22 14:42:55', '2015-04-22 11:42:55'), ('129', 'ITA', '1', '0', '2015-04-22 14:42:55', '2015-04-22 11:42:55'), ('130', 'JAM', '1', '0', '2015-04-22 14:42:55', '2015-04-22 11:42:55'), ('131', 'JPN', '1', '0', '2015-04-22 14:42:55', '2015-04-22 11:42:55'), ('132', 'JEY', '1', '0', '2015-04-22 14:42:55', '2015-04-22 11:42:55'), ('133', 'JOR', '1', '0', '2015-04-22 14:42:55', '2015-04-22 11:42:55'), ('134', 'KEN', '1', '0', '2015-04-22 14:42:55', '2015-04-22 11:42:55'), ('135', 'KIR', '1', '0', '2015-04-22 14:42:55', '2015-04-22 11:42:55'), ('136', 'KWT', '1', '0', '2015-04-22 14:42:55', '2015-04-22 11:42:55'), ('137', 'LAO', '1', '0', '2015-04-22 14:42:55', '2015-04-22 11:42:55'), ('138', 'LVA', '1', '0', '2015-04-22 14:42:55', '2015-04-22 11:42:55'), ('139', 'LSO', '1', '0', '2015-04-22 14:42:55', '2015-04-22 11:42:55'), ('140', 'LBN', '1', '0', '2015-04-22 14:42:55', '2015-04-22 11:42:55'), ('141', 'LBR', '1', '0', '2015-04-22 14:42:55', '2015-04-22 11:42:55'), ('142', 'LBY', '1', '0', '2015-04-22 14:42:55', '2015-04-22 11:42:55'), ('143', 'LIE', '1', '0', '2015-04-22 14:42:55', '2015-04-22 11:42:55'), ('144', 'LTU', '1', '0', '2015-04-22 14:42:55', '2015-04-22 11:42:55'), ('145', 'LUX', '1', '0', '2015-04-22 14:42:55', '2015-04-22 11:42:55'), ('146', 'MAC', '1', '0', '2015-04-22 14:42:55', '2015-04-22 11:42:55'), ('147', 'MKD', '1', '0', '2015-04-22 14:42:55', '2015-04-22 11:42:55'), ('148', 'MDG', '1', '0', '2015-04-22 14:42:55', '2015-04-22 11:42:55'), ('149', 'MYS', '1', '0', '2015-04-22 14:42:55', '2015-04-22 11:42:55'), ('150', 'MWI', '1', '0', '2015-04-22 14:42:55', '2015-04-22 11:42:55'), ('151', 'MDV', '1', '0', '2015-04-22 14:42:55', '2015-04-22 11:42:55'), ('152', 'MLI', '1', '0', '2015-04-22 14:42:55', '2015-04-22 11:42:55'), ('153', 'MLT', '1', '0', '2015-04-22 14:42:55', '2015-04-22 11:42:55'), ('154', 'MAR', '1', '0', '2015-04-22 14:42:55', '2015-04-22 11:42:55'), ('155', 'MTQ', '1', '0', '2015-04-22 14:42:55', '2015-04-22 11:42:55'), ('156', 'MUS', '1', '0', '2015-04-22 14:42:55', '2015-04-22 11:42:55'), ('157', 'MRT', '1', '0', '2015-04-22 14:42:55', '2015-04-22 11:42:55'), ('158', 'MYT', '1', '0', '2015-04-22 14:42:55', '2015-04-22 11:42:55'), ('159', 'MEX', '1', '0', '2015-04-22 14:42:55', '2015-04-22 11:42:55'), ('160', 'FSM', '1', '0', '2015-04-22 14:42:55', '2015-04-22 11:42:55'), ('161', 'MDA', '1', '0', '2015-04-22 14:42:55', '2015-04-22 11:42:55'), ('162', 'MCO', '1', '0', '2015-04-22 14:42:55', '2015-04-22 11:42:55'), ('163', 'MNG', '1', '0', '2015-04-22 14:42:55', '2015-04-22 11:42:55'), ('164', 'MNE', '1', '0', '2015-04-22 14:42:55', '2015-04-22 11:42:55'), ('165', 'MSR', '1', '0', '2015-04-22 14:42:55', '2015-04-22 11:42:55'), ('166', 'MMR', '1', '0', '2015-04-22 14:42:55', '2015-04-22 11:42:55'), ('167', 'NAM', '1', '0', '2015-04-22 14:42:55', '2015-04-22 11:42:55'), ('168', 'NRU', '1', '0', '2015-04-22 14:42:55', '2015-04-22 11:42:55'), ('169', 'NPL', '1', '0', '2015-04-22 14:42:55', '2015-04-22 11:42:55'), ('170', 'NIC', '1', '0', '2015-04-22 14:42:55', '2015-04-22 11:42:55'), ('171', 'NER', '1', '0', '2015-04-22 14:42:55', '2015-04-22 11:42:55'), ('172', 'NGA', '1', '0', '2015-04-22 14:42:55', '2015-04-22 11:42:55'), ('173', 'NIU', '1', '0', '2015-04-22 14:42:55', '2015-04-22 11:42:55'), ('174', 'NOR', '1', '0', '2015-04-22 14:42:55', '2015-04-22 11:42:55'), ('175', 'NCL', '1', '0', '2015-04-22 14:42:55', '2015-04-22 11:42:55'), ('176', 'NZL', '1', '0', '2015-04-22 14:42:55', '2015-04-22 11:42:55'), ('177', 'OMN', '1', '0', '2015-04-22 14:42:55', '2015-04-22 11:42:55'), ('178', 'PLW', '1', '0', '2015-04-22 14:42:55', '2015-04-22 11:42:55'), ('179', 'PAN', '1', '0', '2015-04-22 14:42:55', '2015-04-22 11:42:55'), ('180', 'PNG', '1', '0', '2015-04-22 14:42:55', '2015-04-22 11:42:55'), ('181', 'PAK', '1', '0', '2015-04-22 14:42:55', '2015-04-22 11:42:55'), ('182', 'PRY', '1', '0', '2015-04-22 14:42:55', '2015-04-22 11:42:55'), ('183', 'PER', '1', '0', '2015-04-22 14:42:55', '2015-04-22 11:42:55'), ('184', 'PYF', '1', '0', '2015-04-22 14:42:55', '2015-04-22 11:42:55'), ('185', 'POL', '1', '0', '2015-04-22 14:42:55', '2015-04-22 11:42:55'), ('186', 'PRI', '1', '0', '2015-04-22 14:42:55', '2015-04-22 11:42:55'), ('187', 'PRT', '1', '0', '2015-04-22 14:42:55', '2015-04-22 11:42:55'), ('188', 'QAT', '1', '0', '2015-04-22 14:42:55', '2015-04-22 11:42:55'), ('189', 'KGZ', '1', '0', '2015-04-22 14:42:55', '2015-04-22 11:42:55'), ('190', 'CAF', '1', '0', '2015-04-22 14:42:55', '2015-04-22 11:42:55'), ('191', 'COD', '1', '0', '2015-04-22 14:42:55', '2015-04-22 11:42:55'), ('192', 'DOM', '1', '0', '2015-04-22 14:42:55', '2015-04-22 11:42:55'), ('193', 'CZE', '1', '0', '2015-04-22 14:42:55', '2015-04-22 11:42:55'), ('194', 'ROM', '1', '0', '2015-04-22 14:42:55', '2015-04-22 11:42:55'), ('195', 'RWA', '1', '0', '2015-04-22 14:42:55', '2015-04-22 11:42:55'), ('196', 'RUS', '1', '0', '2015-04-22 14:42:55', '2015-04-22 11:42:55'), ('197', 'ESH', '1', '0', '2015-04-22 14:42:55', '2015-04-22 11:42:55'), ('198', 'VCT', '1', '0', '2015-04-22 14:42:55', '2015-04-22 11:42:55'), ('199', 'ASM', '1', '0', '2015-04-22 14:42:55', '2015-04-22 11:42:55'), ('200', 'WSM', '1', '0', '2015-04-22 14:42:55', '2015-04-22 11:42:55'), ('201', 'SMR', '1', '0', '2015-04-22 14:42:55', '2015-04-22 11:42:55'), ('202', 'SHN', '1', '0', '2015-04-22 14:42:55', '2015-04-22 11:42:55'), ('203', 'LCA', '1', '0', '2015-04-22 14:42:55', '2015-04-22 11:42:55'), ('204', 'BLM', '1', '0', '2015-04-22 14:42:55', '2015-04-22 11:42:55'), ('205', 'KNA', '1', '0', '2015-04-22 14:42:55', '2015-04-22 11:42:55'), ('206', 'MAF', '1', '0', '2015-04-22 14:42:55', '2015-04-22 11:42:55'), ('207', 'STP', '1', '0', '2015-04-22 14:42:55', '2015-04-22 11:42:55'), ('208', 'SEN', '1', '0', '2015-04-22 14:42:55', '2015-04-22 11:42:55'), ('209', 'SLE', '1', '0', '2015-04-22 14:42:55', '2015-04-22 11:42:55'), ('210', 'SRB', '1', '0', '2015-04-22 14:42:55', '2015-04-22 11:42:55'), ('211', 'SYR', '1', '0', '2015-04-22 14:42:55', '2015-04-22 11:42:55'), ('212', 'SOM', '1', '0', '2015-04-22 14:42:55', '2015-04-22 11:42:55'), ('213', 'LKA', '1', '0', '2015-04-22 14:42:55', '2015-04-22 11:42:55'), ('214', 'SPM', '1', '0', '2015-04-22 14:42:55', '2015-04-22 11:42:55'), ('215', 'SWZ', '1', '0', '2015-04-22 14:42:55', '2015-04-22 11:42:55'), ('216', 'SDN', '1', '0', '2015-04-22 14:42:55', '2015-04-22 11:42:55'), ('217', 'SWE', '1', '0', '2015-04-22 14:42:55', '2015-04-22 11:42:55'), ('218', 'CHE', '1', '0', '2015-04-22 14:42:55', '2015-04-22 11:42:55'), ('219', 'SUR', '1', '0', '2015-04-22 14:42:55', '2015-04-22 11:42:55'), ('220', 'TJK', '1', '0', '2015-04-22 14:42:55', '2015-04-22 11:42:55'), ('221', 'THA', '1', '0', '2015-04-22 14:42:55', '2015-04-22 11:42:55'), ('222', 'TWN', '1', '0', '2015-04-22 14:42:55', '2015-04-22 11:42:55'), ('223', 'TZA', '1', '0', '2015-04-22 14:42:55', '2015-04-22 11:42:55'), ('224', 'IOT', '1', '0', '2015-04-22 14:42:55', '2015-04-22 11:42:55'), ('225', 'ATF', '1', '0', '2015-04-22 14:42:55', '2015-04-22 11:42:55'), ('226', 'PSE', '1', '0', '2015-04-22 14:42:55', '2015-04-22 11:42:55'), ('227', 'TMP', '1', '0', '2015-04-22 14:42:55', '2015-04-22 11:42:55'), ('228', 'TGO', '1', '0', '2015-04-22 14:42:55', '2015-04-22 11:42:55'), ('229', 'TON', '1', '0', '2015-04-22 14:42:55', '2015-04-22 11:42:55'), ('230', 'TTO', '1', '0', '2015-04-22 14:42:55', '2015-04-22 11:42:55'), ('231', 'TUN', '1', '0', '2015-04-22 14:42:55', '2015-04-22 11:42:55'), ('232', 'TKM', '1', '0', '2015-04-22 14:42:55', '2015-04-22 11:42:55'), ('233', 'TUR', '1', '0', '2015-04-22 14:42:55', '2015-04-22 11:42:55'), ('234', 'TUV', '1', '0', '2015-04-22 14:42:55', '2015-04-22 11:42:55'), ('235', 'UKR', '1', '0', '2015-04-22 14:42:55', '2015-04-22 11:42:55'), ('236', 'UGA', '1', '0', '2015-04-22 14:42:55', '2015-04-22 11:42:55'), ('237', 'URY', '1', '0', '2015-04-22 14:42:55', '2015-04-22 11:42:55'), ('238', 'UZB', '1', '0', '2015-04-22 14:42:55', '2015-04-22 11:42:55'), ('239', 'VUT', '1', '0', '2015-04-22 14:42:55', '2015-04-22 11:42:55'), ('240', 'VAT', '1', '0', '2015-04-22 14:42:55', '2015-04-22 11:42:55'), ('241', 'VEN', '1', '0', '2015-04-22 14:42:55', '2015-04-22 11:42:55'), ('242', 'VNM', '1', '0', '2015-04-22 14:42:55', '2015-04-22 11:42:55'), ('243', 'ZMB', '1', '0', '2015-04-22 14:42:55', '2015-04-22 11:42:55'), ('244', 'ZWE', '1', '0', '2015-04-22 14:42:55', '2015-04-22 11:42:55');
COMMIT;

-- ----------------------------
--  Table structure for `PaisIdioma`
-- ----------------------------
DROP TABLE IF EXISTS `PaisIdioma`;
CREATE TABLE `PaisIdioma` (
  `PaisIdiomaID` int(10) unsigned NOT NULL AUTO_INCREMENT,
  `PaisID` int(10) unsigned NOT NULL,
  `IdiomaID` int(10) unsigned NOT NULL,
  `Nome` varchar(50) NOT NULL,
  `Descricao` text,
  PRIMARY KEY (`PaisIdiomaID`),
  KEY `fk_dmPaisIdioma_dmPais1_idx` (`PaisID`),
  KEY `fk_dmPaisIdioma_Idioma1_idx` (`IdiomaID`),
  CONSTRAINT `fk_dmPaisIdioma_dmPais1` FOREIGN KEY (`PaisID`) REFERENCES `Pais` (`PaisID`) ON DELETE CASCADE ON UPDATE CASCADE,
  CONSTRAINT `fk_dmPaisIdioma_Idioma1` FOREIGN KEY (`IdiomaID`) REFERENCES `Idioma` (`IdiomaID`) ON DELETE NO ACTION ON UPDATE NO ACTION
) ENGINE=InnoDB AUTO_INCREMENT=736 DEFAULT CHARSET=utf8;

-- ----------------------------
--  Records of `PaisIdioma`
-- ----------------------------
BEGIN;
INSERT INTO `PaisIdioma` VALUES ('1', '1', '1', 'Afeganistão', null), ('2', '2', '1', 'África Do Sul', null), ('3', '3', '1', 'Albânia', null), ('4', '4', '1', 'Alemanha', null), ('5', '5', '1', 'Andorra', null), ('6', '6', '1', 'Angola', null), ('7', '7', '1', 'Anguilla', null), ('8', '8', '1', 'Antártida', null), ('9', '9', '1', 'Antígua e Barbuda', null), ('10', '10', '1', 'Antilhas Holandesas', null), ('11', '11', '1', 'Arábia Saudita', null), ('12', '12', '1', 'Argélia', null), ('13', '13', '1', 'Argentina', null), ('14', '14', '1', 'Armênia', null), ('15', '15', '1', 'Aruba', null), ('16', '16', '1', 'Austrália', null), ('17', '17', '1', 'Áustria', null), ('18', '18', '1', 'Azerbaijão', null), ('19', '19', '1', 'Bahamas', null), ('20', '20', '1', 'Bahrein', null), ('21', '21', '1', 'Bangladeche', null), ('22', '22', '1', 'Barbados', null), ('23', '23', '1', 'Bielorrússia', null), ('24', '24', '1', 'Bélgica', null), ('25', '25', '1', 'Belize', null), ('26', '26', '1', 'Benim', null), ('27', '27', '1', 'Bermudas', null), ('28', '28', '1', 'Bolívia', null), ('29', '29', '1', 'Bósnia e Herzegovina', null), ('30', '30', '1', 'Botsuana', null), ('31', '31', '1', 'Brasil', null), ('32', '32', '1', 'Brunei Darussalam', null), ('33', '33', '1', 'Bulgária', null), ('34', '34', '1', 'Burquina Faso', null), ('35', '35', '1', 'Burundi', null), ('36', '36', '1', 'Butão', null), ('37', '37', '1', 'Cabo Verde', null), ('38', '38', '1', 'Camboja', null), ('39', '39', '1', 'Canadá', null), ('40', '40', '1', 'Cazaquistão', null), ('41', '41', '1', 'Chade', null), ('42', '42', '1', 'Chile', null), ('43', '43', '1', 'China', null), ('44', '44', '1', 'Chipre', null), ('45', '45', '1', 'Singapura', null), ('46', '46', '1', 'Colômbia', null), ('47', '47', '1', 'Republica Do Congo', null), ('48', '48', '1', 'Coreia Do Norte', null), ('49', '49', '1', 'Coreia Do Sul', null), ('50', '50', '1', 'Costa Do Marfim', null), ('51', '51', '1', 'Costa Rica', null), ('52', '52', '1', 'Croácia', null), ('53', '53', '1', 'Cuba', null), ('54', '54', '1', 'Dinamarca', null), ('55', '55', '1', 'Djibuti', null), ('56', '56', '1', 'Dominica', null), ('57', '57', '1', 'Egito', null), ('58', '58', '1', 'El Salvador', null), ('59', '59', '1', 'Emirados Árabes Unidos', null), ('60', '60', '1', 'Equador', null), ('61', '61', '1', 'Eritreia', null), ('62', '62', '1', 'Eslováquia', null), ('63', '63', '1', 'Eslovénia', null), ('64', '64', '1', 'Espanha', null), ('65', '65', '1', 'Estados Unidos', null), ('66', '66', '1', 'Estónia', null), ('67', '67', '1', 'Etiópia', null), ('68', '68', '1', 'Fiji', null), ('69', '69', '1', 'Filipinas', null), ('70', '70', '1', 'Finlândia', null), ('71', '71', '1', 'França', null), ('72', '72', '1', 'Gabão', null), ('73', '73', '1', 'Gâmbia', null), ('74', '74', '1', 'Gana', null), ('75', '75', '1', 'Geórgia', null), ('76', '76', '1', 'Gibraltar', null), ('77', '77', '1', 'Reino Unido', null), ('78', '78', '1', 'Granada', null), ('79', '79', '1', 'Grécia', null), ('80', '80', '1', 'Gronelândia', null), ('81', '81', '1', 'Guadalupe', null), ('82', '82', '1', 'Guam', null), ('83', '83', '1', 'Guatemala', null), ('84', '84', '1', 'Guernsey', null), ('85', '85', '1', 'Guiana', null), ('86', '86', '1', 'Guiana Francesa', null), ('87', '87', '1', 'Guiné', null), ('88', '88', '1', 'Guiné Equatorial', null), ('89', '89', '1', 'Guiné-bissau', null), ('90', '90', '1', 'Haiti', null), ('91', '91', '1', 'Holanda', null), ('92', '92', '1', 'Honduras', null), ('93', '93', '1', 'Hong Kong', null), ('94', '94', '1', 'Hungria', null), ('95', '95', '1', 'Iémen', null), ('96', '96', '1', 'Ilha Bouvet', null), ('97', '97', '1', 'Ilha De Man', null), ('98', '98', '1', 'Ilha Do Natal', null), ('99', '99', '1', 'Ilhas Pitcairn', null), ('100', '100', '1', 'Ilha Reunião', null), ('101', '101', '1', 'Ilhas Aland', null), ('102', '102', '1', 'Ilhas Cayman', null), ('103', '103', '1', 'Ilhas Cocos', null), ('104', '104', '1', 'Ilhas Comores', null), ('105', '105', '1', 'Ilhas Cook', null), ('106', '106', '1', 'Ilhas Feroe', null), ('107', '107', '1', 'Ilhas Falklands (Malvinas)', null), ('108', '108', '1', 'Ilhas Geórgia Do Sul e Sandwich Do Sul', null), ('109', '109', '1', 'Ilhas Heard e Mcdonald', null), ('110', '110', '1', 'Ilhas Marianas Do Norte', null), ('111', '111', '1', 'Ilhas Marshall', null), ('112', '112', '1', 'Ilhas Menores Dos Estados Unidos', null), ('113', '113', '1', 'Ilhas Norfolk', null), ('114', '114', '1', 'Ilhas Seicheles', null), ('115', '115', '1', 'Ilhas Salomão', null), ('116', '116', '1', 'Ilhas Svalbard e Jan Mayen', null), ('117', '117', '1', 'Ilhas Tokelau', null), ('118', '118', '1', 'Ilhas Turks e Caicos', null), ('119', '119', '1', 'Ilhas Virgens Americanas', null), ('120', '120', '1', 'Ilhas Virgens Britânicas', null), ('121', '121', '1', 'Ilhas Wallis e Futuna', null), ('122', '122', '1', 'Índia', null), ('123', '123', '1', 'Indonésia', null), ('124', '124', '1', 'Irã', null), ('125', '125', '1', 'Iraque', null), ('126', '126', '1', 'Irlanda', null), ('127', '127', '1', 'Islândia', null), ('128', '128', '1', 'Israel', null), ('129', '129', '1', 'Itália', null), ('130', '130', '1', 'Jamaica', null), ('131', '131', '1', 'Japão', null), ('132', '132', '1', 'Jersey', null), ('133', '133', '1', 'Jordânia', null), ('134', '134', '1', 'Quénia', null), ('135', '135', '1', 'Kiribati', null), ('136', '136', '1', 'Kuwait', null), ('137', '137', '1', 'Laos', null), ('138', '138', '1', 'Letónia', null), ('139', '139', '1', 'Lesoto', null), ('140', '140', '1', 'Líbano', null), ('141', '141', '1', 'Libéria', null), ('142', '142', '1', 'Líbia', null), ('143', '143', '1', 'Liechtenstein', null), ('144', '144', '1', 'Lituânia', null), ('145', '145', '1', 'Luxemburgo', null), ('146', '146', '1', 'Macau', null), ('147', '147', '1', 'Macedônia', null), ('148', '148', '1', 'Madagascar', null), ('149', '149', '1', 'Malásia', null), ('150', '150', '1', 'Malawi', null), ('151', '151', '1', 'Maldivas', null), ('152', '152', '1', 'Mali', null), ('153', '153', '1', 'Malta', null), ('154', '154', '1', 'Marrocos', null), ('155', '155', '1', 'Martinica', null), ('156', '156', '1', 'Maurícia', null), ('157', '157', '1', 'Mauritânia', null), ('158', '158', '1', 'Mayotte', null), ('159', '159', '1', 'México', null), ('160', '160', '1', 'Micronésia', null), ('161', '161', '1', 'Moldávia', null), ('162', '162', '1', 'Mônaco', null), ('163', '163', '1', 'Mongólia', null), ('164', '164', '1', 'Montenegro', null), ('165', '165', '1', 'Montserrat', null), ('166', '166', '1', 'Myanmar', null), ('167', '167', '1', 'Namíbia', null), ('168', '168', '1', 'Nauru', null), ('169', '169', '1', 'Nepal', null), ('170', '170', '1', 'Nicarágua', null), ('171', '171', '1', 'Níger', null), ('172', '172', '1', 'Nigéria', null), ('173', '173', '1', 'Niue', null), ('174', '174', '1', 'Noruega', null), ('175', '175', '1', 'Nova Caledónia', null), ('176', '176', '1', 'Nova Zelândia', null), ('177', '177', '1', 'Omã', null), ('178', '178', '1', 'Palau', null), ('179', '179', '1', 'Panamá', null), ('180', '180', '1', 'Papua-Nova Guiné', null), ('181', '181', '1', 'Paquistão', null), ('182', '182', '1', 'Paraguai', null), ('183', '183', '1', 'Peru', null), ('184', '184', '1', 'Polinésia Francesa', null), ('185', '185', '1', 'Polônia', null), ('186', '186', '1', 'Porto Rico', null), ('187', '187', '1', 'Portugal', null), ('188', '188', '1', 'Catar', null), ('189', '189', '1', 'Quirguistão', null), ('190', '190', '1', 'República Centro-Africana', null), ('191', '191', '1', 'República Democrática Do Congo', null), ('192', '192', '1', 'República Dominicana', null), ('193', '193', '1', 'República Checa', null), ('194', '194', '1', 'Romênia', null), ('195', '195', '1', 'Ruanda', null), ('196', '196', '1', 'Rússia', null), ('197', '197', '1', 'Saara Ocidental', null), ('198', '198', '1', 'São Vicente e Granadinas', null), ('199', '199', '1', 'Samoa Americana', null), ('200', '200', '1', 'Samoa Ocidental', null), ('201', '201', '1', 'São Marino', null), ('202', '202', '1', 'Santa Helena', null), ('203', '203', '1', 'Santa Lúcia', null), ('204', '204', '1', 'São Bartolomeu', null), ('205', '205', '1', 'São Cristóvão e Neves', null), ('206', '206', '1', 'São Martim', null), ('207', '207', '1', 'São Tomé e Príncipe', null), ('208', '208', '1', 'Senegal', null), ('209', '209', '1', 'Serra Leoa', null), ('210', '210', '1', 'Sérvia', null), ('211', '211', '1', 'Síria', null), ('212', '212', '1', 'Somália', null), ('213', '213', '1', 'Sri Lanka', null), ('214', '214', '1', 'São Pedro e Miquelão', null), ('215', '215', '1', 'Suazilândia', null), ('216', '216', '1', 'Sudão', null), ('217', '217', '1', 'Suécia', null), ('218', '218', '1', 'Suíça', null), ('219', '219', '1', 'Suriname', null), ('220', '220', '1', 'Tajiquistão', null), ('221', '221', '1', 'Tailândia', null), ('222', '222', '1', 'Taiwan', null), ('223', '223', '1', 'Tanzânia', null), ('224', '224', '1', 'Território Britânico Do Oceano Índico', null), ('225', '225', '1', 'Territórios Do Sul Da França', null), ('226', '226', '1', 'Territórios Palestinos Ocupados', null), ('227', '227', '1', 'Timor Leste', null), ('228', '228', '1', 'Togo', null), ('229', '229', '1', 'Tonga', null), ('230', '230', '1', 'Trindade e Tobago', null), ('231', '231', '1', 'Tunísia', null), ('232', '232', '1', 'Turquemenistão', null), ('233', '233', '1', 'Turquia', null), ('234', '234', '1', 'Tuvalu', null), ('235', '235', '1', 'Ucrânia', null), ('236', '236', '1', 'Uganda', null), ('237', '237', '1', 'Uruguai', null), ('238', '238', '1', 'Usbequistão', null), ('239', '239', '1', 'Vanuatu', null), ('240', '240', '1', 'Vaticano', null), ('241', '241', '1', 'Venezuela', null), ('242', '242', '1', 'Vietnã', null), ('243', '243', '1', 'Zâmbia', null), ('244', '244', '1', 'Zimbabwe', null), ('246', '31', '1', 'Brasil', ''), ('247', '31', '2', 'Brazil', ''), ('248', '31', '3', 'Brasil', ''), ('249', '1', '2', 'Afghanistan', ''), ('250', '1', '3', 'Afganistán', null), ('251', '2', '2', 'South Africa', ''), ('252', '2', '3', 'Sudáfrica', ''), ('253', '3', '2', 'Albania', ''), ('254', '3', '3', 'Albania', ''), ('255', '4', '2', 'Germany', ''), ('256', '4', '3', 'Alemania', ''), ('257', '5', '2', 'Andorra', ''), ('258', '5', '3', 'Andorra', ''), ('259', '6', '2', 'Angola', ''), ('260', '6', '3', 'Angola', ''), ('261', '7', '2', 'Anguilla', null), ('262', '7', '3', 'Anguila', null), ('263', '8', '2', 'Antarctica', ''), ('264', '8', '3', 'Antártida', ''), ('265', '9', '2', 'Antigua and Barbuda', ''), ('266', '9', '3', 'Antigua y Barbuda', ''), ('267', '10', '2', 'Netherlands Antilles', ''), ('268', '10', '3', 'Antillas Neerlandesas', ''), ('269', '11', '2', 'Saudi Arabia', ''), ('270', '11', '3', 'Arabia Saudita O Arabia Saudí', ''), ('271', '12', '2', 'Algeria', ''), ('272', '12', '3', 'Argelia', ''), ('273', '13', '2', 'Argentina', ''), ('274', '13', '3', 'Argentina', ''), ('275', '1', '2', 'Afghanistan', null), ('276', '14', '2', 'Armenia', null), ('277', '14', '3', 'Armenia', null), ('278', '15', '2', 'Aruba', null), ('279', '15', '3', 'Aruba', null), ('280', '16', '2', 'Australia', null), ('281', '16', '3', 'Australia', null), ('282', '17', '2', 'Austria', null), ('283', '17', '3', 'Austria', null), ('284', '18', '2', 'Azerbaijan', null), ('285', '18', '3', 'Azerbaiyán', null), ('286', '19', '2', 'Bahamas', null), ('287', '19', '3', 'Bahamas', null), ('288', '20', '2', 'Bahrain', null), ('289', '20', '3', 'Baréin', null), ('290', '21', '2', 'Bangladesh', null), ('291', '21', '3', 'Bangladés', null), ('292', '22', '2', 'Barbados', null), ('293', '22', '3', 'Barbados', null), ('294', '23', '2', 'Belarus', null), ('295', '23', '3', 'Bielorrusia', null), ('296', '24', '2', 'Belgium', null), ('297', '24', '3', 'Bélgica', null), ('298', '25', '2', 'Belize', null), ('299', '25', '3', 'Belice', null), ('300', '26', '2', 'Benin', null), ('301', '26', '3', 'Benín', null), ('302', '27', '2', 'Bermuda', null), ('303', '27', '3', 'Las Islas Bermudas', null), ('304', '28', '2', 'Bolivia', null), ('305', '28', '3', 'Bolivia', null), ('306', '29', '2', 'Bosnia and Herzegovina', null), ('307', '29', '3', 'Bosnia y Herzegovina', null), ('308', '30', '2', 'Botswana', null), ('309', '30', '3', 'Botsuana', null), ('310', '32', '2', 'Brunei Darussalam', null), ('311', '32', '3', 'Brunei Darussalam', null), ('312', '33', '2', 'Bulgaria', null), ('313', '33', '3', 'Bulgaria', null), ('314', '34', '2', 'Burkina Faso', null), ('315', '34', '3', 'Burkina Faso', null), ('316', '35', '2', 'Burundi', null), ('317', '35', '3', 'Burundi', null), ('318', '36', '2', 'Bhutan', null), ('319', '36', '3', 'Bután', null), ('320', '37', '2', 'Cape Verde', null), ('321', '37', '3', 'Cabo Verde', null), ('322', '38', '2', 'Cambodia', null), ('323', '38', '3', 'Camboya', null), ('324', '39', '2', 'Canada', null), ('325', '39', '3', 'Canadá', null), ('326', '40', '2', 'Kazakhstan', null), ('327', '40', '3', 'Kazajistán', null), ('328', '41', '2', 'Chad', null), ('329', '41', '3', 'Chad', null), ('330', '42', '2', 'Chile', null), ('331', '42', '3', 'Chile', null), ('332', '43', '2', 'China', null), ('333', '43', '3', 'China', null), ('334', '44', '2', 'Cyprus', null), ('335', '44', '3', 'Chipre', null), ('336', '45', '2', 'Singapore', null), ('337', '45', '3', 'Singapur', null), ('338', '46', '2', 'Colombia', null), ('339', '46', '3', 'Colombia', null), ('340', '47', '2', 'Republic Of The Congo', null), ('341', '47', '3', 'República Del Congo', null), ('342', '48', '2', 'Korea North', null), ('343', '48', '3', 'Corea Del Norte', null), ('344', '49', '2', 'Korea South', null), ('345', '49', '3', 'Corea Del Sur', null), ('346', '50', '2', 'Ivory Coast', null), ('347', '50', '3', 'Costa de Marfil', null), ('348', '51', '2', 'Costa Rica', null), ('349', '51', '3', 'Costa Rica', null), ('350', '52', '2', 'Croatia', null), ('351', '52', '3', 'Croacia', null), ('352', '53', '2', 'Cuba', null), ('353', '53', '3', 'Cuba', null), ('354', '54', '2', 'Denmark', null), ('355', '54', '3', 'Dinamarca', null), ('356', '55', '2', 'Djibouti', null), ('357', '55', '3', 'Yibuti', null), ('358', '56', '2', 'Dominica', null), ('359', '56', '3', 'Dominica', null), ('360', '57', '2', 'Egypt', null), ('361', '57', '3', 'Egipto', null), ('362', '58', '2', 'El Salvador', null), ('363', '58', '3', 'El Salvador', null), ('364', '59', '2', 'United Arab Emirates', null), ('365', '59', '3', 'Emiratos Árabes Unidos', null), ('366', '60', '2', 'Ecuador', null), ('367', '60', '3', 'Ecuador', null), ('368', '61', '2', 'Eritrea', null), ('369', '61', '3', 'Eritrea', null), ('370', '62', '2', 'Slovakia', null), ('371', '62', '3', 'Eslovaquia', null), ('372', '63', '2', 'Slovenia', null), ('373', '63', '3', 'Eslovenia', null), ('374', '64', '2', 'Spain', null), ('375', '64', '3', 'España', null), ('376', '65', '2', 'United States', null), ('377', '65', '3', 'Estados Unidos', null), ('378', '66', '2', 'Estonia', null), ('379', '66', '3', 'Estonia', null), ('380', '67', '2', 'Ethiopia', null), ('381', '67', '3', 'Etiopía', null), ('382', '68', '2', 'Fiji', null), ('383', '68', '3', 'Fiyi', null), ('384', '69', '2', 'Philippines', null), ('385', '69', '3', 'Filipinas', null), ('386', '70', '2', 'Finland', null), ('387', '70', '3', 'Finlandia', null), ('388', '71', '2', 'France', null), ('389', '71', '3', 'Francia', null), ('390', '72', '2', 'Gabon', null), ('391', '72', '3', 'Gabón', null), ('392', '73', '2', 'Gambia', null), ('393', '73', '3', 'Gambia', null), ('394', '74', '2', 'Ghana', null), ('395', '74', '3', 'Ghana', null), ('396', '75', '2', 'Georgia', null), ('397', '75', '3', 'Georgia', null), ('398', '76', '2', 'Gibraltar', null), ('399', '76', '3', 'Gibraltar', null), ('400', '77', '2', 'United Kingdom', null), ('401', '77', '3', 'Reino Unido', null), ('402', '78', '2', 'Grenada', null), ('403', '78', '3', 'Granada', null), ('404', '79', '2', 'Greece', null), ('405', '79', '3', 'Grecia', null), ('406', '80', '2', 'Greenland', null), ('407', '80', '3', 'Groenlandia', null), ('408', '81', '2', 'Guadeloupe', null), ('409', '81', '3', 'Guadalupe', null), ('410', '82', '2', 'Guam', null), ('411', '82', '3', 'Guam', null), ('412', '83', '2', 'Guatemala', null), ('413', '83', '3', 'Guatemala', null), ('414', '84', '2', 'Guernsey', null), ('415', '84', '3', 'Bailiazgo De Guernsey', null), ('416', '85', '2', 'Guyana', null), ('417', '85', '3', 'Guyana', null), ('418', '86', '2', 'French Guiana', null), ('419', '86', '3', 'Guinea Francesa', null), ('420', '87', '2', 'Guinea', null), ('421', '87', '3', 'Guinea', null), ('422', '88', '2', 'Equatorial Guinea', null), ('423', '88', '3', 'Guinea Ecuatorial', null), ('424', '89', '2', 'Guinea-bissau', null), ('425', '89', '3', 'Guinea-bisáu', null), ('426', '90', '2', 'Haiti', null), ('427', '90', '3', 'Haití', null), ('428', '91', '2', 'Netherlands', null), ('429', '91', '3', 'Países Bajos (holanda)', null), ('430', '92', '2', 'Honduras', null), ('431', '92', '3', 'Honduras', null), ('432', '93', '2', 'Hong Kong', null), ('433', '93', '3', 'Hong Kong', null), ('434', '94', '2', 'Hungary', null), ('435', '94', '3', 'Hungría', null), ('436', '95', '2', 'Yemen', null), ('437', '95', '3', 'Yemen', null), ('438', '96', '2', 'Bouvet Island', null), ('439', '96', '3', 'La Isla Bouvet', null), ('440', '97', '2', 'Isle Of Man', null), ('441', '97', '3', 'Isla De Man', null), ('442', '98', '2', 'Christmas Island', null), ('443', '98', '3', 'Isla Navidad', null), ('444', '99', '2', 'Pitcairn Islands', null), ('445', '99', '3', 'Islas Pitcairn', null), ('446', '100', '2', 'Reunion Island', null), ('447', '100', '3', 'Isla De La Reunión', null), ('448', '101', '2', 'Aland Islands', null), ('449', '101', '3', 'Islas Aland', null), ('450', '102', '2', 'Cayman Islands', null), ('451', '102', '3', 'Islas Caimán', null), ('452', '103', '2', 'Cocos Islands', null), ('453', '103', '3', 'Islas Cocos', null), ('454', '104', '2', 'Comoros', null), ('455', '104', '3', 'Comoras', null), ('456', '105', '2', 'Cook Islands', null), ('457', '105', '3', 'Islas Cook', null), ('458', '106', '2', 'Faroe Islands', null), ('459', '106', '3', 'Islas Feroe', null), ('460', '107', '2', 'Falkland Islands (Malvinas)', null), ('461', '107', '3', 'Islas Malvinas', null), ('462', '108', '2', 'South Georgia and The South Sandwich Islands', null), ('463', '108', '3', 'Islas Georgias Del Sur y Sandwich Del Sur', null), ('464', '109', '2', 'Heard Island and Mcdonald Islands', null), ('465', '109', '3', 'Islas Heard y Mcdonald', null), ('466', '110', '2', 'Northern Mariana Islands', null), ('467', '110', '3', 'Islas Marianas Del Norte', null), ('468', '111', '2', 'Marshall Islands', null), ('469', '111', '3', 'Islas Marshall', null), ('470', '112', '2', 'Outlying Islands From the United States', null), ('471', '112', '3', 'Islas ultramarinas de Estados Unidos', null), ('472', '113', '2', 'Norfolk Island', null), ('473', '113', '3', 'Isla Norfolk', null), ('474', '114', '2', 'Seychelles', null), ('475', '114', '3', 'Seychelles', null), ('476', '115', '2', 'Solomon Islands', null), ('477', '115', '3', 'Islas Salomón', null), ('478', '116', '2', 'Svalbard and Jan Mayen Islands', null), ('479', '116', '3', 'El Archipiélago Svalbard y Jan Mayen', null), ('480', '117', '2', 'Tokelau', null), ('481', '117', '3', 'Tokelau', null), ('482', '118', '2', 'Turks and Caicos Islands', null), ('483', '118', '3', 'Islas Turcas y Caicos', null), ('484', '119', '2', 'United States Virgin Islands', null), ('485', '119', '3', 'Islas Vírgenes Americanas', null), ('486', '120', '2', 'British Virgin Islands', null), ('487', '120', '3', 'Islas Vírgenes Británicas', null), ('488', '121', '2', 'Wallis and Futuna', null), ('489', '121', '3', 'La Colectividad De Wallis y Futuna', null), ('490', '122', '2', 'India', null), ('491', '122', '3', 'India', null), ('492', '123', '2', 'Indonesia', null), ('493', '123', '3', 'Indonesia', null), ('494', '124', '2', 'Iran', null), ('495', '124', '3', 'Irán', null), ('496', '125', '2', 'Iraq', null), ('497', '125', '3', 'Irak', null), ('498', '126', '2', 'Ireland', null), ('499', '126', '3', 'Irlanda', null), ('500', '127', '2', 'Iceland', null), ('501', '127', '3', 'Islandia', null), ('502', '128', '2', 'Israel', null), ('503', '128', '3', 'Israel', null), ('504', '129', '2', 'Italy', null), ('505', '129', '3', 'Italia', null), ('506', '130', '2', 'Jamaica', null), ('507', '130', '3', 'Jamaica', null), ('508', '131', '2', 'Japan', null), ('509', '131', '3', 'Japón', null), ('510', '132', '2', 'Jersey', null), ('511', '132', '3', 'Bailiazgo De Jersey', null), ('512', '133', '2', 'Jordan', null), ('513', '133', '3', 'Jordania', null), ('514', '134', '2', 'Kenya', null), ('515', '134', '3', 'Kenia', null), ('516', '135', '2', 'Kiribati', null), ('517', '135', '3', 'Kiribati', null), ('518', '136', '2', 'Kuwait', null), ('519', '136', '3', 'Kuwait', null), ('520', '137', '2', 'Laos', null), ('521', '137', '3', 'Laos', null), ('522', '138', '2', 'Latvia', null), ('523', '138', '3', 'Letonia', null), ('524', '139', '2', 'Lesotho', null), ('525', '139', '3', 'Lesoto', null), ('526', '140', '2', 'Lebanon', null), ('527', '140', '3', 'Líbano', null), ('528', '141', '2', 'Liberia', null), ('529', '141', '3', 'Liberia', null), ('530', '142', '2', 'Libyan Arab Jamahiriya', null), ('531', '142', '3', 'Libia', null), ('532', '143', '2', 'Liechtenstein', null), ('533', '143', '3', 'Liechtenstein', null), ('534', '144', '2', 'Lithuania', null), ('535', '144', '3', 'Lituania', null), ('536', '145', '2', 'Luxembourg', null), ('537', '145', '3', 'Luxemburgo', null), ('538', '146', '2', 'Macao', null), ('539', '146', '3', 'Macao', null), ('540', '147', '2', 'Macedonia', null), ('541', '147', '3', 'Macedonia', null), ('542', '148', '2', 'Madagascar', null), ('543', '148', '3', 'Madagascar', null), ('544', '149', '2', 'Malaysia', null), ('545', '149', '3', 'Malasia', null), ('546', '150', '2', 'Malawi', null), ('547', '150', '3', 'Malaui O Malawi', null), ('548', '151', '2', 'Maldives', null), ('549', '151', '3', 'Maldivas', null), ('550', '152', '2', 'Mali', null), ('551', '152', '3', 'Malí O Mali', null), ('552', '153', '2', 'Malta', null), ('553', '153', '3', 'Malta', null), ('554', '154', '2', 'Morocco', null), ('555', '154', '3', 'Marruecos', null), ('556', '155', '2', 'Martinique', null), ('557', '155', '3', 'Martinica', null), ('558', '156', '2', 'Mauritius', null), ('559', '156', '3', 'Mauricio', null), ('560', '157', '2', 'Mauritania', null), ('561', '157', '3', 'Mauritania', null), ('562', '158', '2', 'Mayotte', null), ('563', '158', '3', 'Mayotte', null), ('564', '159', '2', 'Mexico', null), ('565', '159', '3', 'México', null), ('566', '160', '2', 'Micronesia', null), ('567', '160', '3', 'Micronesia', null), ('568', '161', '2', 'Moldova', null), ('569', '161', '3', 'Moldavia', null), ('570', '162', '2', 'Monaco', null), ('571', '162', '3', 'Mónaco', null), ('572', '163', '2', 'Mongolia', null), ('573', '163', '3', 'Mongolia', null), ('574', '164', '2', 'Montenegro', null), ('575', '164', '3', 'Montenegro', null), ('576', '165', '2', 'Montserrat', null), ('577', '165', '3', 'Isla De Montserrat', null), ('578', '166', '2', 'Myanmar Burma', null), ('579', '166', '3', 'Myanmar Birmania', null), ('580', '167', '2', 'Namibia', null), ('581', '167', '3', 'Namibia', null), ('582', '168', '2', 'Nauru', null), ('583', '168', '3', 'República De Nauru', null), ('584', '169', '2', 'Nepal', null), ('585', '169', '3', 'Nepal', null), ('586', '170', '2', 'Nicaragua', null), ('587', '170', '3', 'Nicaragua', null), ('588', '171', '2', 'Niger', null), ('589', '171', '3', 'Níger', null), ('590', '172', '2', 'Nigeria', null), ('591', '172', '3', 'Nigeria', null), ('592', '173', '2', 'Niue', null), ('593', '173', '3', 'Niue', null), ('594', '174', '2', 'Norway', null), ('595', '174', '3', 'Noruega', null), ('596', '175', '2', 'New Caledonia', null), ('597', '175', '3', 'Nueva Caledonia', null), ('598', '176', '2', 'New Zealand', null), ('599', '176', '3', 'Nueva Zelanda', null), ('600', '177', '2', 'Oman', null), ('601', '177', '3', 'Omán', null), ('602', '178', '2', 'Palau', null), ('603', '178', '3', 'Palau', null), ('604', '179', '2', 'Panama', null), ('605', '179', '3', 'Panamá', null), ('606', '180', '2', 'Papua New Guinea', null), ('607', '180', '3', 'Papúa Nueva Guinea', null), ('608', '181', '2', 'Pakistan', null), ('609', '181', '3', 'Pakistán O Paquistán', null), ('610', '182', '2', 'Paraguay', null), ('611', '182', '3', 'Paraguay', null), ('612', '183', '2', 'Peru', null), ('613', '183', '3', 'Perú', null), ('614', '184', '2', 'French Polynesia', null), ('615', '184', '3', 'Polinesia Francesa', null), ('616', '185', '2', 'Poland', null), ('617', '185', '3', 'Polonia', null), ('618', '186', '2', 'Puerto Rico', null), ('619', '186', '3', 'Puerto Rico', null), ('620', '187', '2', 'Portugal', null), ('621', '187', '3', 'Portugal', null), ('622', '188', '2', 'Qatar', null), ('623', '188', '3', 'Catar', null), ('624', '189', '2', 'Kyrgyzstan', null), ('625', '189', '3', 'Kirguistán', null), ('626', '190', '2', 'Central African Republic', null), ('627', '190', '3', 'República Centroafricana', null), ('628', '191', '2', 'Democratic Republic Of The Congo', null), ('629', '191', '3', 'República Democrática Del Congo', null), ('630', '192', '2', 'Dominican Republic', null), ('631', '192', '3', 'República Dominicana', null), ('632', '193', '2', 'Czech Republic', null), ('633', '193', '3', 'República Checa', null), ('634', '194', '2', 'Romania', null), ('635', '194', '3', 'Rumania O Rumanía', null), ('636', '195', '2', 'Rwanda', null), ('637', '195', '3', 'Ruanda', null), ('638', '196', '2', 'Russian', null), ('639', '196', '3', 'Rusia', null), ('640', '197', '2', 'Western Sahara', null), ('641', '197', '3', 'Sahara Occidental', null), ('642', '198', '2', 'Saint Vincent and The Grenadines', null), ('643', '198', '3', 'San Vicente y Las Granadinas', null), ('644', '199', '2', 'American Samoa', null), ('645', '199', '3', 'Samoa Americana', null), ('646', '200', '2', 'Samoa', null), ('647', '200', '3', 'Samoa', null), ('648', '201', '2', 'San Marino', null), ('649', '201', '3', 'San Marino', null), ('650', '202', '2', 'Saint Helena', null), ('651', '202', '3', 'Santa Elena, Ascensión y Tristán De Acuña', null), ('652', '203', '2', 'Saint Lucia', null), ('653', '203', '3', 'Santa Lucía', null), ('654', '204', '2', 'St. Bartholomew', null), ('655', '204', '3', 'San Bartolomé', null), ('656', '205', '2', 'Saint Kitts and Nevis', null), ('657', '205', '3', 'San Cristóbal y Nieves', null), ('658', '206', '2', 'St. Martin', null), ('659', '206', '3', 'San Martín', null), ('660', '207', '2', 'Sao Tome and Principe', null), ('661', '207', '3', 'Santo Tomé y Príncipe', null), ('662', '208', '2', 'Senegal', null), ('663', '208', '3', 'Senegal', null), ('664', '209', '2', 'Sierra Leone', null), ('665', '209', '3', 'Sierra Leona', null), ('666', '210', '2', 'Serbia', null), ('667', '210', '3', 'Serbia', null), ('668', '211', '2', 'Syria', null), ('669', '211', '3', 'Siria', null), ('670', '212', '2', 'Somalia', null), ('671', '212', '3', 'Somalia', null), ('672', '213', '2', 'Sri Lanka', null), ('673', '213', '3', 'Sri Lanka', null), ('674', '214', '2', 'Saint Pierre and Miquelon', null), ('675', '214', '3', 'San Pedro y Miquelón', null), ('676', '215', '2', 'Swaziland', null), ('677', '215', '3', 'Suazilandia', null), ('678', '216', '2', 'Sudan', null), ('679', '216', '3', 'Sudán', null), ('680', '217', '2', 'Sweden', null), ('681', '217', '3', 'Suecia', null), ('682', '218', '2', 'Switzerland', null), ('683', '218', '3', 'Suiza', null), ('684', '219', '2', 'Suriname', null), ('685', '219', '3', 'Surinam', null), ('686', '220', '2', 'Tajikistan', null), ('687', '220', '3', 'Tayikistán', null), ('688', '221', '2', 'Thailand', null), ('689', '221', '3', 'Tailandia', null), ('690', '222', '2', 'Taiwan', null), ('691', '222', '3', 'Taiwán', null), ('692', '223', '2', 'Tanzania', null), ('693', '223', '3', 'Tanzania', null), ('694', '224', '2', 'British Indian Ocean Territory', null), ('695', '224', '3', 'Territorio Británico Del Océano Índico', null), ('696', '225', '2', 'Southern Territories From France', null), ('697', '225', '3', 'Territorios Del Sur Desde Francia', null), ('698', '226', '2', 'Occupied Palestinian Territories', null), ('699', '226', '3', 'Territorios Palestinos Ocupados', null), ('700', '227', '2', 'East Timor', null), ('701', '227', '3', 'Timor Oriental', null), ('702', '228', '2', 'Togo', null), ('703', '228', '3', 'Togo', null), ('704', '229', '2', 'Tonga', null), ('705', '229', '3', 'Tonga', null), ('706', '230', '2', 'Trinidad and Tobago', null), ('707', '230', '3', 'Trinidad y Tobago', null), ('708', '231', '2', 'Tunisia', null), ('709', '231', '3', 'Túnez', null), ('710', '232', '2', 'Turkmenistan', null), ('711', '232', '3', 'Turkmenistán', null), ('712', '233', '2', 'Turkey', null), ('713', '233', '3', 'Turquía', null), ('714', '234', '2', 'Tuvalu', null), ('715', '234', '3', 'Tuvalu', null), ('716', '235', '2', 'Ukraine', null), ('717', '235', '3', 'Ucrania', null), ('718', '236', '2', 'Uganda', null), ('719', '236', '3', 'Uganda', null), ('720', '237', '2', 'Uruguay', null), ('721', '237', '3', 'Uruguay', null), ('722', '238', '2', 'Uzbekistan', null), ('723', '238', '3', 'Uzbekistán', null), ('724', '239', '2', 'Vanuatu', null), ('725', '239', '3', 'Vanuatu', null), ('726', '240', '2', 'Vatican', null), ('727', '240', '3', 'Vaticano', null), ('728', '241', '2', 'Venezuela', null), ('729', '241', '3', 'Venezuela', null), ('730', '242', '2', 'Vietnam', null), ('731', '242', '3', 'Vietnam', null), ('732', '243', '2', 'Zambia', null), ('733', '243', '3', 'Zambia', null), ('734', '244', '2', 'Zimbabwe', null), ('735', '244', '3', 'Zimbabue', null);
COMMIT;

-- ----------------------------
--  Triggers structure for table Idioma
-- ----------------------------
DROP TRIGGER IF EXISTS `IdiomaDataInclusao`;
delimiter ;;
CREATE TRIGGER `IdiomaDataInclusao` BEFORE INSERT ON `Idioma` FOR EACH ROW SET NEW.DataInclusao = NOW()
 ;;
delimiter ;

delimiter ;;
-- ----------------------------
--  Triggers structure for table Pais
-- ----------------------------
 ;;
delimiter ;
DROP TRIGGER IF EXISTS `PaisDataInclusao`;
delimiter ;;
CREATE TRIGGER `PaisDataInclusao` BEFORE INSERT ON `Pais` FOR EACH ROW SET NEW.DataInclusao = NOW()
 ;;
delimiter ;

SET FOREIGN_KEY_CHECKS = 1;
